# Old names the map couldn't pair (no symbol, field or member at the same address, offset or value), and
# symbol pairings with more than one candidate (the first is in name_map.tsv). Generated by scripts/name_map.py.
# status	kind	scope	old	candidates	where
unpaired	data	boot	mainloop		800025D0
unpaired	data	boot	read_comp		80002604
unpaired	data	boot	next_iter		80002638
unpaired	data	boot	redispatch		80003EB0
unpaired	data	boot	sw1		80003E78
unpaired	data	boot	sw2		80003E58
unpaired	data	boot	rcp		80003C94
unpaired	data	boot	cart		80003C50
unpaired	data	boot	prenmi		80003DFC
unpaired	data	boot	IP6_Hdlr		80003C18
unpaired	data	boot	IP7_Hdlr		80003C24
unpaired	data	boot	counter		80003C30
unpaired	data	boot	savecontext		80003A14
unpaired	data	boot	savercp		80003B08
unpaired	data	boot	endrcp		80003B40
unpaired	data	boot	handle_interrupt		80003BA4
unpaired	data	boot	handle_break		80003E98
unpaired	data	boot	handle_CpU		80003FE0
unpaired	data	boot	panic		80003EFC
unpaired	data	boot	next_interrupt		80003BE0
unpaired	data	boot	send_mesg		80003F2C
unpaired	data	boot	send_cart_mesg		80003C84
unpaired	data	boot	sp		80003CB0
unpaired	data	boot	vi		80003D04
unpaired	data	boot	sp_other_break		80003CF4
unpaired	data	boot	NoMoreRcpInts		80003DF0
unpaired	data	boot	ai		80003D28
unpaired	data	boot	si		80003D54
unpaired	data	boot	pi		80003D78
unpaired	data	boot	dp		80003DCC
unpaired	data	boot	no_pi_callback		80003DBC
unpaired	data	boot	skip_pi_mesg		80003DC4
unpaired	data	boot	firstnmi		80003E28
unpaired	data	boot	enqueueRunning		80003EE4
unpaired	data	boot	send_done		80003FD8
unpaired	data	boot	no_enqueue		8000410C
unpaired	data	boot	bytezero		800044CC
unpaired	data	boot	blkzero		80004470
unpaired	data	boot	wordzero		800044AC
unpaired	data	boot	zerodone		800044E4
unpaired	data	boot	bytecmp		800069A4
unpaired	data	boot	unaligncmp		80006938
unpaired	data	boot	wordcmp		800068FC
unpaired	data	boot	cmpne		800069D4
unpaired	data	boot	partaligncmp		8000696C
unpaired	data	boot	cmpdone		800069CC
unpaired	data	boot	ret		80006F7C
unpaired	data	boot	goforwards		80006F44
unpaired	data	boot	gobackwards		800070A8
unpaired	data	boot	forwards_bytecopy		80006F5C
unpaired	data	boot	forwalignable		80006F84
unpaired	data	boot	forwards_32		80006FE8
unpaired	data	boot	forw_copy3		80006FCC
unpaired	data	boot	forw_copy2		80006FB8
unpaired	data	boot	forwards		80006FE8
unpaired	data	boot	forwards_16_		80007048
unpaired	data	boot	forwards_16		80007044
unpaired	data	boot	forwards_4_		80007084
unpaired	data	boot	forwards_4		80007080
unpaired	data	boot	backwards_bytecopy		800070C4
unpaired	data	boot	backalignable		800070F4
unpaired	data	boot	backwards_32		80007158
unpaired	data	boot	back_copy3		8000713C
unpaired	data	boot	back_copy2		80007128
unpaired	data	boot	backwards		80007158
unpaired	data	boot	backwards_16_		800071B8
unpaired	data	boot	backwards_16		800071B4
unpaired	data	boot	backwards_4_		800071F4
unpaired	data	boot	backwards_4		800071F0
unpaired	data	boot	No_Change_Global_Int		800072E8
unpaired	data	object_lightbox	object_lightbox_DL_000008		06000008
unpaired	data	Bmori1_room_8	Bmori1_room_8_possiblePadding_000148		03000148
unpaired	data	object_ta	object_ta_possiblePadding_00BF48		0600BF48
unpaired	data	object_ta	object_ta_possiblePadding_00CF38		0600CF38
unpaired	data	object_door_killer	object_door_killer_unaccounted_001BA4		06001BA4
unpaired	data	Bmori1_room_14	Bmori1_room_14_possiblePadding_000118		03000118
unpaired	data	ganon_room_5	ganon_room_5_possiblePadding_0000B8		030000B8
unpaired	data	sasatest_room_0	sasatest_room_0Vtx_001290		03001290
unpaired	data	Bmori1_room_19	Bmori1_room_19_possiblePadding_0000B8		030000B8
unpaired	data	jyasinzou_room_9	jyasinzou_room_9_unaccounted_000140		03000140
unpaired	data	moribossroom_room_0	moribossroom_room_0_possiblePadding_000068		03000068
unpaired	data	hairal_niwa_n_room_0	hairal_niwa_n_room_0_possiblePadding_000088		03000088
unpaired	data	spot10_room_5	spot10_room_5_possiblePadding_0000D8		030000D8
unpaired	data	sasatest_room_0	sasatest_room_0Vtx_0009D0		030009D0
unpaired	data	FIRE_bs_room_0	FIRE_bs_room_0_possiblePadding_000068		03000068
unpaired	data	jyasinzou_room_28	jyasinzou_room_28_unaccounted_0000D0		030000D0
unpaired	data	object_umajump	object_umajump_possiblePadding_001348		06001348
unpaired	func	makerom	entrypoint		00001000
unpaired	data	Audioseq	_binary_baserom_Audioseq_end		0007B850
unpaired	data	object_ta	object_ta_possiblePadding_00B7C4		0600B7C4
unpaired	data	FIRE_bs_room_1	FIRE_bs_room_1_possiblePadding_000088		03000088
unpaired	data	MIZUsin_bs_room_0	MIZUsin_bs_room_0_possiblePadding_000068		03000068
unpaired	data	ganon_room_3	ganon_room_3_possiblePadding_0000C8		030000C8
unpaired	data	gameplay_keep	gameplay_keep_possiblePadding_039CB8		04039CB8
unpaired	data	Audiobank	_binary_baserom_Audiobank_end		0002BDD0
unpaired	data	Audiotable	_binary_baserom_Audiotable_start		0007B850
unpaired	data	object_ik	object_ik_unaccounted_000388		06000388
unpaired	data	ydan_boss_room_1	ydan_boss_room_1_possiblePadding_0000F8		030000F8
unpaired	data	code	D_8016B6C0		8016B6BC
unpaired	data	bdan_room_9	bdan_room_9_possiblePadding_000098		03000098
unpaired	data	object_tr	object_trVtx_00D640		0600D640
unpaired	data	HAKAdan_bs_room_1	HAKAdan_bs_room_1_possiblePadding_000078		03000078
unpaired	data	yousei_izumi_yoko_room_0	yousei_izumi_yoko_room_0_possiblePadding_0000C8		030000C8
unpaired	data	jyasinzou_room_23	jyasinzou_room_23_unaccounted_000290		03000290
unpaired	data	bdan_room_2	bdan_room_2_possiblePadding_000178		03000178
unpaired	data	code	D_80153D7C		80153D7C
unpaired	data	jyasinzou_room_8	jyasinzou_room_8_unaccounted_0002A0		030002A0
unpaired	data	hakaana2_room_0	hakaana2_room_0_possiblePadding_0000C8		030000C8
unpaired	data	sasatest_room_0	sasatest_room_0Vtx_000CA0		03000CA0
unpaired	data	spot13_room_1	spot13_room_1_possiblePadding_0002D8		030002D8
unpaired	data	bdan_room_4	bdan_room_4_possiblePadding_000168		03000168
unpaired	data	gameplay_keep	gameplay_keep_possiblePadding_00C878		0400C878
unpaired	data	Bmori1_room_22	Bmori1_room_22_possiblePadding_000068		03000068
unpaired	data	gameplay_keep	gameplay_keep_possiblePadding_00E5C4		0400E5C4
unpaired	data	Audiotable	_binary_baserom_Audiotable_end		004CCBE0
unpaired	data	object_door_killer	object_door_killer_unaccounted_001B64		06001B64
unpaired	data	gameplay_keep	gameplay_keep_possiblePadding_007F78		04007F78
unpaired	data	bdan_room_13	bdan_room_13_possiblePadding_000138		03000138
unpaired	data	market_night_room_0	market_night_room_0_possiblePadding_000218		03000218
unpaired	data	object_zo	object_zo_possiblePadding_00BFB4		0600BFB4
unpaired	data	bdan_room_7	bdan_room_7_possiblePadding_000148		03000148
unpaired	data	Bmori1_room_21	Bmori1_room_21_possiblePadding_000088		03000088
unpaired	data	object_ganon	object_ganon_unaccounted_00E300		0600E300
unpaired	data	jyasinboss_room_2	jyasinboss_room_2_possiblePadding_0000E8		030000E8
unpaired	data	Bmori1_room_0	Bmori1_room_0_possiblePadding_0000E8		030000E8
unpaired	data	ganon_tou_room_0	ganon_tou_room_0_possiblePadding_000158		03000158
unpaired	data	object_spot15_obj	object_spot15_obj_possiblePadding_0004FC		060004FC
unpaired	data	spot10_room_1	spot10_room_1_possiblePadding_000108		03000108
unpaired	data	ice_doukutu_room_10	ice_doukutu_room_10_possiblePadding_000088		03000088
unpaired	data	takaraya_room_3	takaraya_room_3_possiblePadding_0000A8		030000A8
unpaired	data	object_mo	gMorphaVtx_007BB8		06007BB8
unpaired	data	moribossroom_room_1	moribossroom_room_1_possiblePadding_000078		03000078
unpaired	data	object_sa	object_sa_unaccounted_0022C8		060022C8
unpaired	data	besitu_room_0	besitu_room_0_possiblePadding_000048		03000048
unpaired	data	ice_doukutu_room_6	ice_doukutu_room_6_possiblePadding_000108		03000108
unpaired	data	object_tr	object_tr_Blob_0062E0		060062E0
unpaired	data	gameplay_keep	gameplay_keep_possiblePadding_01A218		0401A218
unpaired	data	hakasitarelay_room_1	hakasitarelay_room_1_possiblePadding_000108		03000108
unpaired	data	bdan_room_5	bdan_room_5_possiblePadding_000178		03000178
unpaired	data	ganon_demo_room_0	ganon_demo_room_0_possiblePadding_000228		03000228
unpaired	data	ice_doukutu_room_9	ice_doukutu_room_9_possiblePadding_0001C8		030001C8
unpaired	data	hakaana_ouke_room_0	hakaana_ouke_room_0_possiblePadding_000128		03000128
unpaired	data	object_door_killer	object_door_killer_unaccounted_001B44		06001B44
unpaired	data	bdan_room_14	bdan_room_14_possiblePadding_000188		03000188
unpaired	data	object_syokudai	object_syokudai_possiblePadding_0009C8		060009C8
unpaired	data	object_sb	object_sbVtx_000C00		06000C00
unpaired	data	object_door_killer	object_door_killer_unaccounted_001B34		06001B34
unpaired	data	object_triforce_spot	object_triforce_spotVtx_000200		06000200
unpaired	data	jyasinzou_room_7	jyasinzou_room_7_unaccounted_000170		03000170
unpaired	data	object_sb	object_sbVtx_000640		06000640
unpaired	data	jyasinzou_room_0	jyasinzou_room_0_unaccounted_000300		03000300
unpaired	data	takaraya_room_1	takaraya_room_1_possiblePadding_000098		03000098
unpaired	data	spot10_room_3	spot10_room_3_possiblePadding_000148		03000148
unpaired	data	object_ta	object_ta_possiblePadding_001CA4		06001CA4
unpaired	data	jyasinzou_room_1	jyasinzou_room_1_unaccounted_0001A0		030001A0
unpaired	data	gameplay_keep	gameplay_keep_possiblePadding_03AC28		0403AC28
unpaired	data	testroom_room_3	testroom_room_3_possiblePadding_000068		03000068
unpaired	data	gameplay_keep	gameplay_keep_possiblePadding_011228		04011228
unpaired	data	ice_doukutu_room_2	ice_doukutu_room_2_possiblePadding_0000F8		030000F8
unpaired	data	object_ik	object_ik_unaccounted_000C98		06000C98
unpaired	data	hairal_niwa2_room_0	hairal_niwa2_room_0_possiblePadding_000048		03000048
unpaired	data	bdan_room_1	bdan_room_1_possiblePadding_000238		03000238
unpaired	data	syotes2_room_0	syotes2_room_0_possiblePadding_000078		03000078
unpaired	data	Audiobank	_binary_baserom_Audiobank_start		00000010
unpaired	data	Bmori1_room_2	Bmori1_room_2_possiblePadding_0001C8		030001C8
unpaired	data	gameplay_keep	gameplay_keep_possiblePadding_014AE8		04014AE8
unpaired	data	Bmori1_room_4	Bmori1_room_4_possiblePadding_000088		03000088
unpaired	data	testroom_room_0	testroom_room_0_possiblePadding_0001F8		030001F8
unpaired	data	hakasitarelay_room_2	hakasitarelay_room_2_possiblePadding_000128		03000128
unpaired	data	object_ganon_anime3	object_ganon_anime3_possiblePadding_003894		06003894
unpaired	data	gameplay_keep	gameplay_keep_possiblePadding_0034F8		040034F8
unpaired	data	takaraya_room_0	takaraya_room_0_possiblePadding_000098		03000098
unpaired	data	Bmori1_room_9	Bmori1_room_9_possiblePadding_0000E8		030000E8
unpaired	data	jyasinzou_room_18	jyasinzou_room_18_unaccounted_0001C0		030001C0
unpaired	data	sasatest_room_0	sasatest_room_0_possiblePadding_0001B8		030001B8
unpaired	data	object_door_killer	object_door_killer_unaccounted_001B94		06001B94
unpaired	data	takaraya_room_2	takaraya_room_2_possiblePadding_0000A8		030000A8
unpaired	data	takaraya_room_4	takaraya_room_4_possiblePadding_000098		03000098
unpaired	data	jyasinzou_room_13	jyasinzou_room_13_unaccounted_0001A0		030001A0
unpaired	data	jyasinzou_room_21	jyasinzou_room_21_unaccounted_0000D0		030000D0
unpaired	data	ice_doukutu_room_7	ice_doukutu_room_7_possiblePadding_0000C8		030000C8
unpaired	data	ganon_room_2	ganon_room_2_possiblePadding_000108		03000108
unpaired	data	object_ta	object_ta_possiblePadding_00C868		0600C868
unpaired	data	object_ganon_anime3	object_ganon_anime3_possiblePadding_002E7C		06002E7C
unpaired	data	jyasinzou_room_16	jyasinzou_room_16_unaccounted_000190		03000190
unpaired	data	jyasinzou_room_26	jyasinzou_room_26_unaccounted_000210		03000210
unpaired	data	sutaru_room_0	sutaru_room_0_possiblePadding_0000B8		030000B8
unpaired	data	testroom_room_1	testroom_room_1_possiblePadding_0001B8		030001B8
unpaired	data	object_box	object_box_unaccounted_0047E0		060047E0
unpaired	data	spot10_room_8	spot10_room_8_possiblePadding_000118		03000118
unpaired	data	spot16_room_0	spot16_room_0_possiblePadding_000934		03000934
unpaired	data	gameplay_keep	gameplay_keep_possiblePadding_032088		04032088
unpaired	data	ganontikasonogo_room_0	ganontikasonogo_room_0_possiblePadding_0000D8		030000D8
unpaired	data	spot10_room_4	spot10_room_4_possiblePadding_0000A8		030000A8
unpaired	data	Bmori1_room_20	Bmori1_room_20_possiblePadding_0000C8		030000C8
unpaired	data	spot10_room_9	spot10_room_9_possiblePadding_0000A8		030000A8
unpaired	data	ganon_room_4	ganon_room_4_possiblePadding_0000D8		030000D8
unpaired	data	gameplay_keep	gameplay_keep_possiblePadding_00C818		0400C818
unpaired	data	object_spot15_obj	object_spot15_obj_possiblePadding_000374		06000374
unpaired	data	gameplay_keep	gameplay_keep_possiblePadding_00D4D8		0400D4D8
unpaired	data	bdan_room_6	bdan_room_6_possiblePadding_000118		03000118
unpaired	data	ice_doukutu_room_3	ice_doukutu_room_3_possiblePadding_0001C8		030001C8
unpaired	data	ice_doukutu_room_4	ice_doukutu_room_4_possiblePadding_0000E8		030000E8
unpaired	data	object_ta	object_ta_possiblePadding_0017F8		060017F8
unpaired	data	bdan_room_0	bdan_room_0_possiblePadding_0001A8		030001A8
unpaired	data	market_ruins_room_0	market_ruins_room_0_possiblePadding_0000E8		030000E8
unpaired	data	Bmori1_room_3	Bmori1_room_3_possiblePadding_0000A8		030000A8
unpaired	data	object_tr	object_tr_Blob_00D5E0		0600D5E0
unpaired	data	gameplay_keep	gameplay_keep_possiblePadding_0100E8		040100E8
unpaired	data	gameplay_keep	gameplay_keep_possiblePadding_00CDB8		0400CDB8
unpaired	data	object_mori_tex	object_moriTex_Blob_000000		06000000
unpaired	data	gameplay_keep	gameplay_keep_possiblePadding_021808		04021808
unpaired	data	gameplay_keep	gameplay_keep_possiblePadding_03A6E8		0403A6E8
unpaired	data	jyasinzou_room_17	jyasinzou_room_17_unaccounted_000160		03000160
unpaired	data	object_hni	object_hni_unaccounted_000880		06000880
unpaired	data	hakasitarelay_room_6	hakasitarelay_room_6_possiblePadding_0000E8		030000E8
unpaired	data	gameplay_keep	gameplay_keep_possiblePadding_010048		04010048
unpaired	data	Bmori1_room_1	Bmori1_room_1_possiblePadding_0000A8		030000A8
unpaired	data	jyasinzou_room_5	jyasinzou_room_5_unaccounted_000470		03000470
unpaired	data	object_oA3	object_oA3_DL_00000008		06000008
unpaired	data	ganon_sonogo_room_4	ganon_sonogo_room_4_possiblePadding_000208		03000208
unpaired	data	ganon_room_6	ganon_room_6_possiblePadding_000078		03000078
unpaired	data	Bmori1_room_5	Bmori1_room_5_possiblePadding_0000C8		030000C8
unpaired	data	sasatest_room_0	sasatest_room_0_unaccounted_001100		03001100
unpaired	data	object_yukabyun	object_yukabyun_possiblePadding_000A28		06000A28
unpaired	data	shop1_room_0	shop1_room_0_unaccounted_0006B0		030006B0
unpaired	data	object_spot15_obj	object_spot15_obj_possiblePadding_000238		06000238
unpaired	data	HAKAdan_bs_room_0	HAKAdan_bs_room_0_possiblePadding_0000C8		030000C8
unpaired	data	Bmori1_room_6	Bmori1_room_6_possiblePadding_000138		03000138
unpaired	data	sasatest_room_0	sasatest_room_0_unaccounted_000C90		03000C90
unpaired	data	gameplay_keep	gameplay_keep_possiblePadding_00437C		0400437C
unpaired	data	jyasinzou_room_24	jyasinzou_room_24_unaccounted_000100		03000100
unpaired	data	code	sOcarinaUnused		8016BA1C
unpaired	data	bdan_boss_room_0	bdan_boss_room_0_possiblePadding_000068		03000068
unpaired	data	object_st	object_st_Blob_003C50		06003C50
unpaired	data	ice_doukutu_room_11	ice_doukutu_room_11_possiblePadding_0001A8		030001A8
unpaired	data	gameplay_keep	gameplay_keep_possiblePadding_006018		04006018
unpaired	data	tokinoma_room_1	tokinoma_room_1_possiblePadding_000148		03000148
unpaired	data	spot10_room_7	spot10_room_7_possiblePadding_0000E8		030000E8
unpaired	data	ice_doukutu_room_5	ice_doukutu_room_5_possiblePadding_0001B8		030001B8
unpaired	data	bdan_room_10	bdan_room_10_possiblePadding_000098		03000098
unpaired	data	object_jya_obj	object_jya_obj_unaccounted_005CC0		06005CC0
unpaired	data	object_ganon_anime3	object_ganon_anime3_possiblePadding_003F48		06003F48
unpaired	data	spot10_room_2	spot10_room_2_possiblePadding_000108		03000108
unpaired	data	jyasinzou_room_27	jyasinzou_room_27_unaccounted_0001C0		030001C0
unpaired	data	syatekijyou_room_0	syatekijyou_room_0_possiblePadding_0000B8		030000B8
unpaired	data	object_door_killer	object_door_killer_unaccounted_001B84		06001B84
unpaired	data	market_day_room_0	market_day_room_0_possiblePadding_0002E8		030002E8
unpaired	data	object_bv	object_bv_unaccounted_004E78		06004E78
unpaired	data	testroom_room_4	testroom_room_4_possiblePadding_000068		03000068
unpaired	data	kokiri_home3_room_0	kokiri_home3_room_0_possiblePadding_002088		03002088
unpaired	data	object_ganon_anime3	object_ganon_anime3_possiblePadding_000C0C		06000C0C
unpaired	data	ganon_room_9	ganon_room_9_possiblePadding_000058		03000058
unpaired	data	gameplay_keep	gameplay_keep_possiblePadding_03B1D8		0403B1D8
unpaired	data	tokinoma_room_0	tokinoma_room_0_possiblePadding_000118		03000118
unpaired	data	object_ganon_anime3	object_ganon_anime3_possiblePadding_003764		06003764
unpaired	data	jyasinzou_room_15	jyasinzou_room_15_unaccounted_000210		03000210
unpaired	data	bdan_room_15	bdan_room_15_possiblePadding_000078		03000078
unpaired	data	object_zo	object_zo_possiblePadding_002528		06002528
unpaired	data	hakasitarelay_room_0	hakasitarelay_room_0_possiblePadding_000108		03000108
unpaired	data	jyasinzou_room_4	jyasinzou_room_4_unaccounted_0001F0		030001F0
unpaired	data	spot10_room_6	spot10_room_6_possiblePadding_0000F8		030000F8
unpaired	data	object_zo	object_zo_possiblePadding_0005A8		060005A8
unpaired	data	jyasinzou_room_10	jyasinzou_room_10_unaccounted_0001C0		030001C0
unpaired	data	ganon_sonogo_room_0	ganon_sonogo_room_0_possiblePadding_000178		03000178
unpaired	data	jyasinzou_room_19	jyasinzou_room_19_unaccounted_000140		03000140
unpaired	data	object_zo	object_zo_possiblePadding_0021AC		060021AC
unpaired	data	object_link_child	gLinkChildUnusedBootTex		06005D00
unpaired	data	Bmori1_room_12	Bmori1_room_12_possiblePadding_0000C8		030000C8
unpaired	data	Bmori1_room_11	Bmori1_room_11_possiblePadding_0001D8		030001D8
unpaired	data	hakasitarelay_room_4	hakasitarelay_room_4_possiblePadding_0000B8		030000B8
unpaired	data	jyasinzou_room_22	jyasinzou_room_22_unaccounted_000160		03000160
unpaired	data	ganon_final_room_0	ganon_final_room_0_possiblePadding_000108		03000108
unpaired	data	ganon_boss_room_0	ganon_boss_room_0_possiblePadding_000488		03000488
unpaired	data	gameplay_keep	gameplay_keep_possiblePadding_014BB4		04014BB4
unpaired	data	object_ik	object_ik_unaccounted_000668		06000668
unpaired	data	Bmori1_room_10	Bmori1_room_10_possiblePadding_0000A8		030000A8
unpaired	data	Bmori1_room_16	Bmori1_room_16_possiblePadding_0000E8		030000E8
unpaired	data	jyasinboss_room_0	jyasinboss_room_0_possiblePadding_000078		03000078
unpaired	data	test01_room_0	test01_room_0_possiblePadding_000048		03000048
unpaired	data	gameplay_keep	gameplay_keep_possiblePadding_04A088		0404A088
unpaired	data	ganon_room_0	ganon_room_0_possiblePadding_0000D8		030000D8
unpaired	data	jyasinzou_room_14	jyasinzou_room_14_unaccounted_000110		03000110
unpaired	data	ganon_sonogo_room_2	ganon_sonogo_room_2_possiblePadding_000198		03000198
unpaired	data	bdan_room_11	bdan_room_11_possiblePadding_000288		03000288
unpaired	data	ydan_boss_room_0	ydan_boss_room_0_possiblePadding_000068		03000068
unpaired	data	jyasinzou_room_2	jyasinzou_room_2_unaccounted_000190		03000190
unpaired	data	Bmori1_room_13	Bmori1_room_13_possiblePadding_0000F8		030000F8
unpaired	data	object_zo	object_zo_possiblePadding_000D58		06000D58
unpaired	data	Bmori1_room_18	Bmori1_room_18_possiblePadding_000088		03000088
unpaired	data	object_jya_obj	object_jya_obj_unaccounted_006EE8		06006EE8
unpaired	data	gameplay_keep	gameplay_keep_possiblePadding_0515A8		040515A8
unpaired	data	object_hintnuts	object_hintnuts_unaccounted_0023C0		060023C0
unpaired	data	gameplay_keep	gameplay_keep_possiblePadding_035598		04035598
unpaired	data	daiyousei_izumi_room_0	daiyousei_izumi_room_0_unaccounted_0000D8		030000D8
unpaired	data	ganon_room_7	ganon_room_7_possiblePadding_000128		03000128
unpaired	data	gameplay_keep	gameplay_keep_possiblePadding_03F138		0403F138
unpaired	data	gameplay_keep	gameplay_keep_possiblePadding_00C098		0400C098
unpaired	data	ganon_room_8	ganon_room_8_possiblePadding_000198		03000198
unpaired	data	spot13_room_0	spot13_room_0_possiblePadding_0000F8		030000F8
unpaired	data	buffers	gSystemHeap		802109E0
unpaired	data	takaraya_room_5	takaraya_room_5_possiblePadding_000098		03000098
unpaired	data	object_spot17_obj	object_spot17_obj_possiblePadding_000A64		06000A64
unpaired	data	ganontikasonogo_room_1	ganontikasonogo_room_1_possiblePadding_000148		03000148
unpaired	data	object_tr	object_trVtx_006340		06006340
unpaired	data	gameplay_keep	gameplay_keep_possiblePadding_018FEC		04018FEC
unpaired	data	bdan_room_12	bdan_room_12_possiblePadding_000148		03000148
unpaired	data	boot	D_800145C0		800145C0
unpaired	data	hakasitarelay_room_5	hakasitarelay_room_5_possiblePadding_0000A8		030000A8
unpaired	data	hakaana_ouke_room_1	hakaana_ouke_room_1_possiblePadding_0000B8		030000B8
unpaired	data	gameplay_keep	gameplay_keep_possiblePadding_0136F8		040136F8
unpaired	data	jyasinzou_room_6	jyasinzou_room_6_unaccounted_000160		03000160
unpaired	data	ganon_room_1	ganon_room_1_possiblePadding_0000B8		030000B8
unpaired	data	jyasinzou_room_25	jyasinzou_room_25_unaccounted_000340		03000340
unpaired	data	Audioseq	_binary_baserom_Audioseq_start		0002BDD0
unpaired	data	jyasinzou_room_11	jyasinzou_room_11_unaccounted_000070		03000070
unpaired	data	gameplay_keep	gameplay_keep_possiblePadding_00E768		0400E768
unpaired	data	ganon_sonogo_room_1	ganon_sonogo_room_1_possiblePadding_000108		03000108
unpaired	data	object_ganon_anime3	object_ganon_anime3_possiblePadding_0028B8		060028B8
unpaired	data	mahouya_room_0	mahouya_room_0_possiblePadding_000098		03000098
unpaired	data	hakaana_ouke_room_2	hakaana_ouke_room_2_possiblePadding_0000B8		030000B8
unpaired	data	kenjyanoma_room_0	kenjyanoma_room_0_possiblePadding_000108		03000108
unpaired	data	MIZUsin_bs_room_1	MIZUsin_bs_room_1_possiblePadding_000078		03000078
unpaired	data	code	D_80134488		80134488
unpaired	data	gameplay_keep	gameplay_keep_possiblePadding_04D498		0404D498
unpaired	data	syotes_room_0	syotes_room_0_possiblePadding_000018		03000018
unpaired	data	shop1_room_0	shop1_room_0Vtx_002860		03002860
unpaired	data	Bmori1_room_17	Bmori1_room_17_possiblePadding_000158		03000158
unpaired	data	hakasitarelay_room_3	hakasitarelay_room_3_possiblePadding_000138		03000138
unpaired	data	hiral_demo_room_0	hiral_demo_room_0_unaccounted_0000B8		030000B8
unpaired	data	gameplay_keep	gameplay_keep_possiblePadding_039A74		04039A74
unpaired	data	ganon_sonogo_room_3	ganon_sonogo_room_3_possiblePadding_000138		03000138
unpaired	data	spot10_room_0	spot10_room_0_possiblePadding_0000A8		030000A8
unpaired	data	bdan_room_8	bdan_room_8_possiblePadding_000098		03000098
unpaired	data	jyasinboss_room_1	jyasinboss_room_1_possiblePadding_0001A8		030001A8
unpaired	data	jyasinzou_room_3	jyasinzou_room_3_unaccounted_000190		03000190
unpaired	data	jyasinzou_room_12	jyasinzou_room_12_unaccounted_000140		03000140
unpaired	data	sasatest_room_0	sasatest_room_0_unaccounted_001280		03001280
unpaired	data	jyasinboss_room_3	jyasinboss_room_3_possiblePadding_000098		03000098
unpaired	data	ice_doukutu_room_0	ice_doukutu_room_0_possiblePadding_0000F8		030000F8
unpaired	data	gameplay_keep	gameplay_keep_possiblePadding_0190AC		040190AC
unpaired	data	takaraya_room_6	takaraya_room_6_possiblePadding_000098		03000098
unpaired	data	nakaniwa_room_0	nakaniwa_room_0_possiblePadding_000118		03000118
unpaired	data	gameplay_keep	gameplay_keep_possiblePadding_033908		04033908
unpaired	data	sasatest_room_0	sasatest_room_0Vtx_000840		03000840
unpaired	data	gameplay_keep	gameplay_keep_possiblePadding_02CFD8		0402CFD8
unpaired	data	gameplay_keep	gameplay_keep_possiblePadding_04D448		0404D448
unpaired	data	hakaana_room_0	hakaana_room_0_possiblePadding_0000A8		030000A8
unpaired	data	sasatest_room_0	sasatest_room_0Vtx_001110		03001110
unpaired	data	gameplay_keep	gameplay_keep_possiblePadding_0078E8		040078E8
unpaired	data	sasatest_room_0	sasatest_room_0Vtx_000590		03000590
unpaired	data	testroom_room_2	testroom_room_2_possiblePadding_000128		03000128
unpaired	data	object_ganon_anime3	object_ganon_anime3_possiblePadding_002178		06002178
unpaired	data	ice_doukutu_room_1	ice_doukutu_room_1_possiblePadding_000158		03000158
unpaired	data	sasatest_room_0	sasatest_room_0_unaccounted_0009C0		030009C0
unpaired	data	object_jya_obj	object_jya_obj_unaccounted_00AC90		0600AC90
unpaired	data	bowling_room_0	bowling_room_0_possiblePadding_0000C8		030000C8
unpaired	data	Bmori1_room_7	Bmori1_room_7_possiblePadding_000198		03000198
unpaired	data	jyasinzou_room_20	jyasinzou_room_20_unaccounted_0001C0		030001C0
unpaired	data	object_door_killer	object_door_killer_unaccounted_001B54		06001B54
unpaired	data	gameplay_keep	gameplay_keep_possiblePadding_03C2D8		0403C2D8
unpaired	data	object_sb	object_sb_Blob_000840		06000840
unpaired	data	turibori_room_0	turibori_room_0_possiblePadding_000078		03000078
unpaired	data	sasatest_room_0	sasatest_room_0_unaccounted_000580		03000580
unpaired	data	ice_doukutu_room_8	ice_doukutu_room_8_possiblePadding_0000F8		030000F8
unpaired	data	Bmori1_room_15	Bmori1_room_15_possiblePadding_000128		03000128
unpaired	data	object_zo	object_zo_possiblePadding_002FF8		06002FF8
unpaired	data	object_door_killer	object_door_killer_unaccounted_001B74		06001B74
unpaired	data	shop1_room_0	shop1_room_0_unaccounted_002C60		03002C60
unpaired	data	bdan_room_3	bdan_room_3_possiblePadding_000208		03000208
unpaired	data	object_zo	object_zo_possiblePadding_002368		06002368
unpaired	data	bdan_boss_room_1	bdan_boss_room_1_possiblePadding_0000D8		030000D8
unpaired	data	object_ta	object_ta_possiblePadding_00C49C		0600C49C
unpaired	data	sasatest_room_0	sasatest_room_0_unaccounted_000820		03000820
unpaired	data	code	sBssDummy0		8015E39C
unpaired	data	code	sBssDummy1		8015E39D
unpaired	data	code	sBssDummy5		8015E41E
unpaired	data	code	sBssDummy6		8015E41F
unpaired	data	code	sBssDummy7		8015E42C
unpaired	data	code	sBssDummy8		8015E42D
unpaired	data	code	sBssDummy9		8015E42E
unpaired	data	code	sBssDummy10		8015E42F
unpaired	data	code	sBssDummy11		8015E644
unpaired	data	code	sBssDummy12		8015E645
unpaired	data	code	sBssDummy13		8015E646
unpaired	data	code	sBssDummy14		8015E647
unpaired	data	ovl_En_Ma1	D_80AA16B8		80AA16B8
ambiguous	data	boot	D_800093F0	cic6105TextStart,rspbootTextEnd	800093F0
unpaired	file		include/fp.h		gone
unpaired	file		include/functions.h		gone
unpaired	file		include/global.h		gone
unpaired	file		include/macros.h		gone
unpaired	file		include/tables/dmadata_table_mqdbg.h		gone
unpaired	file		include/ultra64/r4300.h		gone
unpaired	file		include/ultra64/rdp.h		gone
unpaired	file		include/ultra64/rsp.h		gone
unpaired	file		include/vt.h		gone
unpaired	file		include/z64elf_message.h		gone
unpaired	file		src/code/__osMemmove.c		gone
unpaired	file		src/code/__osMemset.c		gone
unpaired	file		src/code/logseverity.c		gone
unpaired	file		src/libultra/gu/sqrtf.c		gone
unpaired	file		src/libultra/libc/absf.c		gone
unpaired	file		src/libultra/libc/sqrt.c		gone
unpaired	file		src/libultra/os/dequeuethread.c		gone
unpaired	file		include/variables.h	include/audio.h (22%),include/sfx.h (16%),include/environment.h (7%),include/speed_meter.h (7%),include/inventory.h (7%)	split
unpaired	file		include/z64.h	include/jpeg.h (8%),include/message.h (4%),include/pause.h (4%),include/animation.h (4%),include/actor.h (3%)	split
unpaired	file		include/z64actor.h	include/actor.h (44%),include/collision_check.h (16%),include/z_en_item00.h (11%),include/z_en_a_obj.h (11%),include/actor_profile.h (11%)	split
unpaired	file		include/z64scene.h	include/scene.h (70%),include/room.h (25%),include/romfile.h (2%),include/path.h (2%)	split
unpaired	file		include/z64transition.h	include/transition_wipe.h (25%),include/transition_fade.h (25%),include/transition_circle.h (25%),include/transition_triforce.h (25%)	split
unpaired	file		include/ultra64/types.h	include/ultra64/gbi.h (50%),include/ultra64/ultratypes.h (50%)	split
unpaired	struct		AnimEntryCopyFalse		include/z64animation.h
unpaired	struct		AnimEntryCopyTrue		include/z64animation.h
unpaired	field	BgHakaMegane	unk_16A		0x16A
unpaired	struct		ColliderQuadElement		include/z64collision_check.h
unpaired	field	CsCmdActorAction	normal		0x24
unpaired	struct		CsCmdBase		include/z64cutscene.h
unpaired	field	DoorGerudo	dyna		0x0
unpaired	field	DoorGerudo	unk_164		0x164
unpaired	field	DoorShutter	dyna		0x0
unpaired	field	DoorShutter	unk_164		0x164
unpaired	field	DynaPolyActor	unk_15A		0x15A
unpaired	field	EnBird	unk_19E		0x19E
unpaired	struct		EnExRuppyParentActor		src/overlays/actors/ovl_En_Ex_Ruppy/z_en_ex_ruppy.c
unpaired	field	EnFirefly	colliderItems		0x344
unpaired	field	EnNwcChick	unk_3C		0x44
unpaired	field	EnToryo	unk_1EA		0x1EA
unpaired	field	FileSelectState	confirmButtonAlpha		0x1CA96
unpaired	struct		GfxMod		src/code/ucode_disas.c
unpaired	field	MessageContext	unk_E305		0xE305
unpaired	struct		NaviColor		src/code/z_actor.c
unpaired	field	NoteSynthesisState	unk_16		0x16
unpaired	field	NoteSynthesisState	unk_18		0x18
unpaired	field	NoteSynthesisState	unk_1E		0x1E
unpaired	field	OptionsMenuTextureInfo	width		0xC
unpaired	field	OptionsMenuTextureInfo	height		0x12
unpaired	struct		PreNmiBuff		include/z64.h
unpaired	struct		QuakeCamCalc		include/z64.h
unpaired	struct		SCmdActorList		include/z64scene.h
unpaired	struct		SCmdEntranceList		include/z64scene.h
unpaired	field	SaveInfo	horseRaceRecord		0xEA8
unpaired	field	SaveInfo	unk_EAC		0xEAC
unpaired	struct		SubQuakeRequest14		include/z64.h
unpaired	field	TargetContext	unk_4D		0x4D
unpaired	struct		TargetRangeParams		src/code/z_actor.c
unpaired	field	Yaz0Header	data		0x10
unpaired	struct		struct_80034A14_arg1		include/z64.h
unpaired	struct		struct_80166500		include/z64.h
unpaired	struct		struct_80858AC8		src/overlays/actors/ovl_player_actor/z_player.c
unpaired	enum-type		AdultMalonLimb		src/overlays/actors/ovl_En_Ma2/z_en_ma2.h
unpaired	enum-type		AnubiceLimbs		src/overlays/actors/ovl_En_Anubice/z_en_anubice.h
unpaired	enum-type		AudioOption		src/overlays/gamestates/ovl_file_choose/file_select.h
unpaired	enum-type		BgDyYoseizoRewardType		src/overlays/actors/ovl_Bg_Dy_Yoseizo/z_bg_dy_yoseizo.c
unpaired	enum-type		BgDyYoseizoSpellType		src/overlays/actors/ovl_Bg_Dy_Yoseizo/z_bg_dy_yoseizo.c
unpaired	enum-type		BombchuGirlEyeMode		src/overlays/actors/ovl_En_Bom_Bowl_Man/z_en_bom_bowl_man.c
unpaired	enum-type		ChannelUpdateType		src/code/code_800E4FE0.c
unpaired	enum	CutsceneCmd	CS_CMD_00		0
unpaired	enum	CutsceneCmd	CS_CMD_END		65535
unpaired	enum	DoorShutterType	SHUTTER_8		8
unpaired	enum	DoorShutterType	SHUTTER_9		9
unpaired	enum	DoorShutterType	SHUTTER_A		10
unpaired	enum	DoorShutterType	SHUTTER_C		12
unpaired	enum	DoorShutterType	SHUTTER_D		13
unpaired	enum	DoorShutterType	SHUTTER_E		14
unpaired	enum	DoorShutterType	SHUTTER_F		15
unpaired	enum-type		DynaPolyMoveFlag		include/z64.h
unpaired	enum-type		EnBiliLimb		src/overlays/actors/ovl_En_Bili/z_en_bili.h
unpaired	enum-type		EnFuLimb		src/overlays/actors/ovl_En_Fu/z_en_fu.h
unpaired	enum-type		EnGe1Limb		src/overlays/actors/ovl_En_Ge1/z_en_ge1.h
unpaired	enum-type		EnGeldBLimb		src/overlays/actors/ovl_En_GeldB/z_en_geldb.h
unpaired	enum-type		EnHataLimb		src/overlays/actors/ovl_En_Hata/z_en_hata.h
unpaired	enum-type		EnMdLimb		src/overlays/actors/ovl_En_Md/z_en_md.h
unpaired	enum-type		EnNbLimb		src/overlays/actors/ovl_En_Nb/z_en_nb.h
unpaired	enum-type		EnValiLimb		src/overlays/actors/ovl_En_Vali/z_en_vali.h
unpaired	enum-type		EnValiType		src/overlays/actors/ovl_En_Vali/z_en_vali.h
unpaired	enum-type		EnWfLimb		src/overlays/actors/ovl_En_Wf/z_en_wf.h
unpaired	enum-type		EnWfType		src/overlays/actors/ovl_En_Wf/z_en_wf.h
unpaired	enum-type		EnZfLimb		src/overlays/actors/ovl_En_Zf/z_en_zf.h
unpaired	enum-type		ImpaLimb		src/overlays/actors/ovl_Demo_Im/z_demo_im.h
unpaired	enum-type		IngoLimb		src/overlays/actors/ovl_En_In/z_en_in.h
unpaired	enum-type		PlayerD_808540F4Index		src/overlays/actors/ovl_player_actor/z_player.c
unpaired	enum-type		RoomBehaviorType1		include/z64.h
unpaired	enum-type		RoomBehaviorType2		include/z64.h
unpaired	enum-type		SeqCmdType		src/code/code_800F9280.c
unpaired	enum-type		SoundMode		include/z64audio.h
unpaired	enum-type		StalfosLimb		src/overlays/actors/ovl_En_Test/z_en_test.h
unpaired	enum-type		SurfaceSfxType		include/z64bgcheck.h
unpaired	enum-type		YoungGanondorfLimb		src/overlays/actors/ovl_En_Viewer/z_en_viewer.h
unpaired	define	ACTOR_FLAG_	ACTOR_FLAG_20		0x100000
unpaired	define	ACTOR_FLAG_	ACTOR_FLAG_21		0x200000
unpaired	define	ACTOR_FLAG_ENKUSA_	ACTOR_FLAG_ENKUSA_CUT		0x800
unpaired	define	CTRL_	CTRL_ADJUSTABLE		0x2
unpaired	define	CTRL_	CTRL_BACKGROUND		0xf
unpaired	define	CTRL_	CTRL_BLACK		0x7
unpaired	define	CTRL_	CTRL_BLUE		0x3
unpaired	define	CTRL_	CTRL_DEFAULT		0x0
unpaired	define	CTRL_	CTRL_FADE2		0xb
unpaired	define	CTRL_ITEM_	CTRL_ITEM_ICON		0xd
unpaired	define	CTRL_	CTRL_LIGHTBLUE		0x4
unpaired	define	CTRL_MARATHON_	CTRL_MARATHON_TIME		0x10
unpaired	define	CTRL_	CTRL_OCARINA		0xa
unpaired	define	CTRL_	CTRL_POINTS		0x12
unpaired	define	CTRL_	CTRL_PURPLE		0x5
unpaired	define	CTRL_RACE_	CTRL_RACE_TIME		0x11
unpaired	define	CTRL_	CTRL_RED		0x1
unpaired	define	CTRL_	CTRL_SFX		0xc
unpaired	define	CTRL_TEXT_	CTRL_TEXT_SPEED		0xe
unpaired	define	CTRL_	CTRL_TOKENS		0x13
unpaired	define	CTRL_	CTRL_YELLOW		0x6
unpaired	define	DAMAGE_EFFECT_	DAMAGE_EFFECT_BURN		0x2
unpaired	define	DAMAGE_EFFECT_STUN_	DAMAGE_EFFECT_STUN_BLUE		0x1
unpaired	define	DAMAGE_EFFECT_STUN_	DAMAGE_EFFECT_STUN_WHITE		0x4
unpaired	define	DPC_REG_	DPC_REG_BASE		0xa4100000
unpaired	define	DPS_REG_	DPS_REG_BASE		0xa4200000
unpaired	define	ELF_MSG_CONDITION_	ELF_MSG_CONDITION_BOOTS		0x1
unpaired	define	ELF_MSG_CONDITION_DUNGEON_	ELF_MSG_CONDITION_DUNGEON_ITEM		0x1
unpaired	define	ELF_MSG_CONDITION_	ELF_MSG_CONDITION_FLAG		0x0
unpaired	define	ELF_MSG_CONDITION_	ELF_MSG_CONDITION_ITEM		0x2
unpaired	define	ELF_MSG_CONDITION_	ELF_MSG_CONDITION_MAGIC		0x4
unpaired	define	ELF_MSG_CONDITION_	ELF_MSG_CONDITION_MEDALLION		0x3
unpaired	define	ELF_MSG_CONDITION_	ELF_MSG_CONDITION_OTHER		0x3
unpaired	define	ELF_MSG_CONDITION_	ELF_MSG_CONDITION_SONG		0x2
unpaired	define	ELF_MSG_CONDITION_STRENGTH_	ELF_MSG_CONDITION_STRENGTH_UPG		0x0
unpaired	define	ELF_MSG_TYPE_	ELF_MSG_TYPE_CHECK		0x0
unpaired	define	ELF_MSG_TYPE_	ELF_MSG_TYPE_END		0x7
unpaired	define	ELF_MSG_TYPE_	ELF_MSG_TYPE_SKIP		0x3
unpaired	define	ELF_MSG_TYPE_UNK_	ELF_MSG_TYPE_UNK_1		0x1
unpaired	define	ELF_MSG_TYPE_UNK_	ELF_MSG_TYPE_UNK_2		0x2
unpaired	define	ENDOOR_PARAMS_DOUBLE_DOOR_	ENDOOR_PARAMS_DOUBLE_DOOR_FLAG		0x40
unpaired	define	EVENTCHKINF_40_	EVENTCHKINF_40_INDEX		0x4
unpaired	define	EVENTCHKINF_40_	EVENTCHKINF_40_MASK		0x1
unpaired	define	EVENTCHKINF_40_	EVENTCHKINF_40_SHIFT		0x0
unpaired	define	EVENTCHKINF_6B_	EVENTCHKINF_6B_INDEX		0x6
unpaired	define	EVENTCHKINF_6B_	EVENTCHKINF_6B_MASK		0x800
unpaired	define	EVENTCHKINF_6B_	EVENTCHKINF_6B_SHIFT		0xb
unpaired	define	EVENTCHKINF_CARPENTERS_FREE_	EVENTCHKINF_CARPENTERS_FREE_INDEX		0x9
unpaired	define	EVENTCHKINF_DA_DB_DC_DD_DE_	EVENTCHKINF_DA_DB_DC_DD_DE_INDEX		0xd
unpaired	define	EVENTCHKINF_DA_	EVENTCHKINF_DA_MASK		0x400
unpaired	define	EVENTCHKINF_DB_	EVENTCHKINF_DB_MASK		0x800
unpaired	define	EVENTCHKINF_DC_	EVENTCHKINF_DC_MASK		0x1000
unpaired	define	EVENTCHKINF_DD_	EVENTCHKINF_DD_MASK		0x2000
unpaired	define	EVENTCHKINF_DE_	EVENTCHKINF_DE_MASK		0x4000
unpaired	define	EVENTCHKINF_SONGS_FOR_FROGS_CHOIR_	EVENTCHKINF_SONGS_FOR_FROGS_CHOIR_MASK		0x1
unpaired	define	EVENTCHKINF_SONGS_FOR_FROGS_CHOIR_	EVENTCHKINF_SONGS_FOR_FROGS_CHOIR_SHIFT		0x0
unpaired	define	EVENTCHKINF_SONGS_FOR_FROGS_EPONA_	EVENTCHKINF_SONGS_FOR_FROGS_EPONA_MASK		0x4
unpaired	define	EVENTCHKINF_SONGS_FOR_FROGS_EPONA_	EVENTCHKINF_SONGS_FOR_FROGS_EPONA_SHIFT		0x2
unpaired	define	EVENTCHKINF_SONGS_FOR_FROGS_	EVENTCHKINF_SONGS_FOR_FROGS_INDEX		0xd
unpaired	define	EVENTCHKINF_SONGS_FOR_FROGS_SARIA_	EVENTCHKINF_SONGS_FOR_FROGS_SARIA_MASK		0x10
unpaired	define	EVENTCHKINF_SONGS_FOR_FROGS_SARIA_	EVENTCHKINF_SONGS_FOR_FROGS_SARIA_SHIFT		0x4
unpaired	define	EVENTCHKINF_SONGS_FOR_FROGS_SOT_	EVENTCHKINF_SONGS_FOR_FROGS_SOT_MASK		0x20
unpaired	define	EVENTCHKINF_SONGS_FOR_FROGS_SOT_	EVENTCHKINF_SONGS_FOR_FROGS_SOT_SHIFT		0x5
unpaired	define	EVENTCHKINF_SONGS_FOR_FROGS_STORMS_	EVENTCHKINF_SONGS_FOR_FROGS_STORMS_MASK		0x40
unpaired	define	EVENTCHKINF_SONGS_FOR_FROGS_STORMS_	EVENTCHKINF_SONGS_FOR_FROGS_STORMS_SHIFT		0x6
unpaired	define	EVENTCHKINF_SONGS_FOR_FROGS_SUNS_	EVENTCHKINF_SONGS_FOR_FROGS_SUNS_MASK		0x8
unpaired	define	EVENTCHKINF_SONGS_FOR_FROGS_SUNS_	EVENTCHKINF_SONGS_FOR_FROGS_SUNS_SHIFT		0x3
unpaired	define	EVENTCHKINF_SONGS_FOR_FROGS_ZL_	EVENTCHKINF_SONGS_FOR_FROGS_ZL_MASK		0x2
unpaired	define	EVENTCHKINF_SONGS_FOR_FROGS_ZL_	EVENTCHKINF_SONGS_FOR_FROGS_ZL_SHIFT		0x1
unpaired	define	EVENTINF_20_21_22_23_24_	EVENTINF_20_21_22_23_24_INDEX		0x2
unpaired	define	EVENTINF_20_	EVENTINF_20_MASK		0x1
unpaired	define	EVENTINF_21_	EVENTINF_21_MASK		0x2
unpaired	define	EVENTINF_22_	EVENTINF_22_MASK		0x4
unpaired	define	EVENTINF_23_	EVENTINF_23_MASK		0x8
unpaired	define	EVENTINF_24_	EVENTINF_24_MASK		0x10
unpaired	define	EVENTINF_HORSES_	EVENTINF_HORSES_05		0x5
unpaired	define	EVENTINF_HORSES_05_	EVENTINF_HORSES_05_MASK		0x20
unpaired	define	EVENTINF_HORSES_05_	EVENTINF_HORSES_05_SHIFT		0x5
unpaired	define	EVENTINF_HORSES_	EVENTINF_HORSES_06		0x6
unpaired	define	EVENTINF_HORSES_06_	EVENTINF_HORSES_06_MASK		0x40
unpaired	define	EVENTINF_HORSES_06_	EVENTINF_HORSES_06_SHIFT		0x6
unpaired	define	EVENTINF_HORSES_08_	EVENTINF_HORSES_08_SHIFT		0x8
unpaired	define	EVENTINF_HORSES_0A_	EVENTINF_HORSES_0A_SHIFT		0xa
unpaired	define	EVENTINF_HORSES_0F_	EVENTINF_HORSES_0F_MASK		0x8000
unpaired	define	EVENTINF_HORSES_0F_	EVENTINF_HORSES_0F_SHIFT		0xf
unpaired	define	EVENTINF_HORSES_HORSETYPE_	EVENTINF_HORSES_HORSETYPE_MASK		0x10
unpaired	define	EVENTINF_HORSES_HORSETYPE_	EVENTINF_HORSES_HORSETYPE_SHIFT		0x4
unpaired	define	EVENTINF_HORSES_	EVENTINF_HORSES_INDEX		0x0
unpaired	define	EVENTINF_HORSES_STATE_	EVENTINF_HORSES_STATE_SHIFT		0x0
unpaired	define	EXITEM_	EXITEM_CHEST		0xa
unpaired	define	EXITEM_	EXITEM_COUNTER		0x5
unpaired	define	EXITEM_	EXITEM_MAGIC		0x10
unpaired	define	FLG_	FLG_ADJSLOPE		0x1
unpaired	define	FLG_	FLG_OFFGROUND		0x80
unpaired	define	IFACE_ALPHA_	IFACE_ALPHA_MASK		0xf00
unpaired	define	INFTABLE_199_19A_19B_19C_19D_19E_19F_	INFTABLE_199_19A_19B_19C_19D_19E_19F_INDEX		0x19
unpaired	define	INFTABLE_199_	INFTABLE_199_MASK		0x200
unpaired	define	INFTABLE_19A_	INFTABLE_19A_MASK		0x400
unpaired	define	INFTABLE_19B_	INFTABLE_19B_MASK		0x800
unpaired	define	INFTABLE_19C_	INFTABLE_19C_MASK		0x1000
unpaired	define	INFTABLE_19D_	INFTABLE_19D_MASK		0x2000
unpaired	define	INFTABLE_19E_	INFTABLE_19E_MASK		0x4000
unpaired	define	INFTABLE_19F_	INFTABLE_19F_MASK		0x8000
unpaired	define	INFTABLE_1AX_	INFTABLE_1AX_INDEX		0x1a
unpaired	define	INFTABLE_1DX_	INFTABLE_1DX_INDEX		0x1d
unpaired	define	ITEMGETINF_18_19_1A_	ITEMGETINF_18_19_1A_INDEX		0x1
unpaired	define	ITEMGETINF_18_	ITEMGETINF_18_MASK		0x100
unpaired	define	ITEMGETINF_18_	ITEMGETINF_18_SHIFT		0x8
unpaired	define	ITEMGETINF_19_	ITEMGETINF_19_MASK		0x200
unpaired	define	ITEMGETINF_19_	ITEMGETINF_19_SHIFT		0x9
unpaired	define	ITEMGETINF_1A_	ITEMGETINF_1A_MASK		0x400
unpaired	define	ITEMGETINF_1A_	ITEMGETINF_1A_SHIFT		0xa
unpaired	define	LETTERBOX_	LETTERBOX_INSTANT		0x8000
unpaired	define	LETTERBOX_	LETTERBOX_MASK		0xf000
unpaired	define	LETTERBOX_SIZE_	LETTERBOX_SIZE_MASK		0x7000
unpaired	define	NA_BGM_END_	NA_BGM_END_DEMO		0x66
unpaired	define	NA_BGM_	NA_BGM_STOP		0x100000ff
unpaired	define	OS_VI_DITHER_	OS_VI_DITHER_FILTER		0x10000
unpaired	define	OS_VI_	OS_VI_DIVOT		0x10
unpaired	define	OS_VI_	OS_VI_GAMMA		0x8
unpaired	define	OS_VI_GAMMA_	OS_VI_GAMMA_DITHER		0x4
unpaired	define	OS_VI_	OS_VI_UNK1		0x1
unpaired	define	OS_VI_	OS_VI_UNK100		0x100
unpaired	define	OS_VI_	OS_VI_UNK1000		0x1000
unpaired	define	OS_VI_	OS_VI_UNK2		0x2
unpaired	define	OS_VI_	OS_VI_UNK200		0x200
unpaired	define	OS_VI_	OS_VI_UNK2000		0x2000
unpaired	define	OS_VI_	OS_VI_UNK28		0x1c
unpaired	define	OS_VI_	OS_VI_UNK40		0x40
unpaired	define	PLATFORM_INDEX_DOWNSTAIRS_INNER_	PLATFORM_INDEX_DOWNSTAIRS_INNER_MAX		0x5
unpaired	define	PLATFORM_INDEX_DOWNSTAIRS_	PLATFORM_INDEX_DOWNSTAIRS_MAX		0x7
unpaired	define	PLATFORM_INDEX_DOWNSTAIRS_	PLATFORM_INDEX_DOWNSTAIRS_MIN		0x0
unpaired	define	PLATFORM_INDEX_UPSTAIRS_INNER_	PLATFORM_INDEX_UPSTAIRS_INNER_MAX		0xf
unpaired	define	PLATFORM_INDEX_UPSTAIRS_	PLATFORM_INDEX_UPSTAIRS_MIN		0x8
unpaired	define	REGION_	REGION_NATIVE		0x3
unpaired	define	SFX_SOUNDFONT_1_	SFX_SOUNDFONT_1_SIZE		0x3aa0
unpaired	define	SFX_SOUNDFONT_2_	SFX_SOUNDFONT_2_SIZE		0x17b0
unpaired	define	SI_STATUS_IO_READ_	SI_STATUS_IO_READ_BUSY	PI_STATUS_IO_BUSY,SI_STATUS_RD_BUSY	0x2
unpaired	define	TOUCH_DREW_	TOUCH_DREW_HITMARK	ATELEM_DREW_HITMARK,ACELEM_NO_HITMARK	0x40
unpaired	define	UCODE_	UCODE_F3DZEX		0x1
unpaired	define	UCODE_	UCODE_NULL		0x0
unpaired	define	UCODE_	UCODE_S2DEX		0x3
unpaired	define	UCODE_	UCODE_UNK		0x2
unpaired	define	UNK_	UNK_LINE		0x1
unpaired	define	WATERBOX_BGCAM_INDEX_	WATERBOX_BGCAM_INDEX_MASK		0xff
unpaired	define	WATERBOX_BGCAM_INDEX_	WATERBOX_BGCAM_INDEX_SHIFT		0x0
unpaired	define	WATERBOX_FLAG_	WATERBOX_FLAG_19		0x80000
unpaired	define	WATERBOX_FLAG_19_	WATERBOX_FLAG_19_SHIFT		0x13
unpaired	define	WATERBOX_LIGHT_INDEX_	WATERBOX_LIGHT_INDEX_MASK		0x1f00
unpaired	define	WATERBOX_LIGHT_INDEX_	WATERBOX_LIGHT_INDEX_SHIFT		0x8
unpaired	define	WATERBOX_ROOM_	WATERBOX_ROOM_MASK		0x7e000
unpaired	define	WATERBOX_ROOM_	WATERBOX_ROOM_SHIFT		0xd
